<?xml version="1.0" encoding="UTF-8"?>
<project-private xmlns="http://www.netbeans.org/ns/project-private/1">
    <editor-bookmarks xmlns="http://www.netbeans.org/ns/editor-bookmarks/2" lastBookmarkId="0"/>
    <open-files xmlns="http://www.netbeans.org/ns/projectui-open-files/2">
        <group>
            <file>file:/C:/Users/pavin/OneDrive/Documents/NetBeansProjects/Elcorona/src/Editted/F21.java</file>
            <file>file:/C:/Users/pavin/OneDrive/Documents/NetBeansProjects/Elcorona/src/Editted/Data.java</file>
            <file>file:/C:/Users/pavin/OneDrive/Documents/NetBeansProjects/Elcorona/src/Editted/PlaceLog.java</file>
            <file>file:/C:/Users/pavin/OneDrive/Documents/NetBeansProjects/Elcorona/src/Editted/ActivityLog.java</file>
            <file>file:/C:/Users/pavin/OneDrive/Documents/NetBeansProjects/Elcorona/src/Editted/DPerson.java</file>
            <file>file:/C:/Users/pavin/OneDrive/Documents/NetBeansProjects/Elcorona/src/Editted/Person.java</file>
            <file>file:/C:/Users/pavin/OneDrive/Documents/NetBeansProjects/Elcorona/src/Editted/Household.java</file>
        </group>
    </open-files>
</project-private>
